"`id`","`url`","`name`","`description`","`num_issues`","`dev_time_days`","`language`"
"42","https://api.github.com/repos/kubitron/redmine_git_hosting","redmine_git_hosting","A ChiliProject/Redmine plugin which makes configuring your own git hosting easy.  ","35","1582","Ruby"
"84","https://api.github.com/repos/willdurand/willdurand.github.com","willdurand.github.com","My very own blog.","16","1512","CSS"
"168","https://api.github.com/repos/github/markup","markup","The code we use to render README.your_favorite_markup","1158","2300","Ruby"
"588","https://api.github.com/repos/fullcalendar/fullcalendar","fullcalendar","Full-sized drag & drop event calendar (jQuery plugin)","7","2267","JavaScript"
"882","https://api.github.com/repos/myell0w/MTLocation","MTLocation","A Framework to add convenience-stuff for easier coping with CoreLocation/MapKit on iOS. It includes a custom UIBarButtonItem mimicing the Locate-Me-Button of the built-in Google Maps App","33","1865","Objective-C"
"966","https://api.github.com/repos/somerandomdude/Iconic","Iconic","A minimal set of icons in raster, vector and font formats — free for public use.","66","1625","Python"
"1008","https://api.github.com/repos/zendframework/zf2-documentation","zf2-documentation","Zend Framework 2 documentation sources","2459","1337",
"1386","https://api.github.com/repos/statsmodels/statsmodels","statsmodels","Statsmodels: statistical modeling and econometrics in Python","5051","1727","Python"
"1428","https://api.github.com/repos/gousiosg/github-mirror","github-mirror","Scripts to mirror Github in a cloudy fashion","16","1585","Ruby"
"1554","https://api.github.com/repos/Graylog2/graylog2-server","graylog2-server","Free and open source log management","6238","2103","Java"
"1596","https://api.github.com/repos/saghul/pyuv","pyuv","Python interface for libuv","230","1568","C"
"2058","https://api.github.com/repos/sympy/planet.sympy.org","planet.sympy.org","Contents of planet.sympy.org","29","1748","XSLT"
"2184","https://api.github.com/repos/joomla/joomla-cms","joomla-cms","Home of the Joomla! Content Management System","14368","1610","PHP"
"2310","https://api.github.com/repos/headjs/headjs","headjs","The only script in your HEAD.","325","1907","JavaScript"
"2688","https://api.github.com/repos/timsutton/mcxToProfile","mcxToProfile","Convert OS X property lists and MCX into Configuration Profiles with Custom Settings payloads","2","1354","Python"
"2772","https://api.github.com/repos/nicklockwood/FXImageView","FXImageView","FXImageView is a class designed to simplify the application of common visual effects such as reflections and drop-shadows to images, and also to help the performance of image loading by handling it on a background thread. ","9","1341","Objective-C"
"2814","https://api.github.com/repos/db0company/Ionis-Users-Informations","Ionis-Users-Informations","A PHP Class to get informations about students in Ionis group.","20","1722","PHP"
"2898","https://api.github.com/repos/mongodb/mongo-php-driver","mongo-php-driver","MongoDB PHP driver","0","663","C"
"2940","https://api.github.com/repos/basdenooijer/solarium","solarium","PHP Solr client","374","371","PHP"
"3318","https://api.github.com/repos/Olivine-Labs/Alchemy-Websockets","Alchemy-Websockets","An extremely efficient C# WebSocket server.","146","1805","C#"
"3360","https://api.github.com/repos/garciaf/fabbook","fabbook","A old web site develloped with Symfony2 and a lot of Bundle","26","1501","JavaScript"
"3402","https://api.github.com/repos/celluloid/reel","reel","Celluloid::IO-powered web server","636","1458","Ruby"
"3486","https://api.github.com/repos/roundcube/roundcubemail","roundcubemail","The Roundcube Webmail suite","928","1399","PHP"
"3570","https://api.github.com/repos/smsohan/MvcMailer","MvcMailer","A Mailer for ASP.Net MVC that forms the Email Body using MVC Views (Razor etc.) following Ruby on Rails ActionMailer style","60","1879","C#"
"3612","https://api.github.com/repos/iSECPartners/ios-ssl-kill-switch","ios-ssl-kill-switch","Blackbox tool to disable SSL certificate validation - including certificate pinning - within iOS Apps","7","1328","Objective-C"
"3780","https://api.github.com/repos/werner77/WEPopover","WEPopover","Generic popover implementation for iOS with same API as the UIPopoverController for the iPad, but configurable with custom background and available for iPhone as well.","55","1947","Objective-C"
"3906","https://api.github.com/repos/mltframework/mlt","mlt","MLT Multimedia Framework","89","1416","C"
"4074","https://api.github.com/repos/vim-ruby/vim-ruby","vim-ruby","Vim/Ruby Configuration Files","474","2790","VimL"
"4326","https://api.github.com/repos/creationix/howtonode.org","howtonode.org","This repo contains the actual articles for HowToNode.org","37","2204","JavaScript"
"4452","https://api.github.com/repos/technomancy/emacs-starter-kit","emacs-starter-kit","Because the Emacs defaults are not so great sometimes.","292","2663",
"4620","https://api.github.com/repos/modestmaps/modestmaps-js","modestmaps-js","Modest Maps javascript port","47","1417","JavaScript"
"4788","https://api.github.com/repos/unclebob/fitnesse","fitnesse","FitNesse -- The Acceptance Test Wiki","1192","2646","Java"
"4998","https://api.github.com/repos/horstjens/ThePythonGameBook","ThePythonGameBook","code examples for ThePythonGameBook.com ","6","1764","Python"
"5124","https://api.github.com/repos/ServiceStack/ServiceStack","ServiceStack","Thoughtfully architected, obscenely fast, thoroughly enjoyable web services for all","1171","1851","C#"
"5376","https://api.github.com/repos/hddm-devs/kabuki","kabuki","kabuki is a python toolbox that allows easy creation of hierarchical bayesian models for the cognitive sciences.","3","1780","Python"
"5418","https://api.github.com/repos/akitaonrails/vimfiles","vimfiles","This is an old project that I have discontinued. Please use the vimfiles from YADR instead: https://github.com/akitaonrails/dotfiles","3","2588","VimL"
"5460","https://api.github.com/repos/compojoom/cnotes","cnotes","A notes component for joomla","1","1309","PHP"
"5544","https://api.github.com/repos/pgollakota/django-chartit","django-chartit","A Django app to plot charts and pivot charts directly from the models. Uses HighCharts and jQuery JavaScript libraries to render the charts on the webpage.","16","1578","Python"
"5754","https://api.github.com/repos/Automattic/_s","_s","Hi. I'm a starter theme called _s, or underscores, if you like. I'm a theme meant for hacking so don't use me as a Parent Theme. Instead try turning me into the next, most awesome, WordPress theme out there. That's what I'm here for.","1288","1467","CSS"
"5880","https://api.github.com/repos/strongloop/expressjs.com","expressjs.com",,"97","1369","HTML"
"5922","https://api.github.com/repos/mauricemach/zappa","zappa","Node development for the lazy.","1","1955","CoffeeScript"
"6594","https://api.github.com/repos/rsdn/nemerle","nemerle","Nemerle language. Main repository.","766","1701","Nemerle"
"7098","https://api.github.com/repos/plainblack/Lacuna-Server-Open","Lacuna-Server-Open","The open source Lacuna Server repository.","146","1360","Perl"
"7140","https://api.github.com/repos/cpp-netlib/cpp-netlib","cpp-netlib","The C++ Network Library Project -- cross-platform, standards compliant networking library.","828","2204","C++"
"7182","https://api.github.com/repos/imakewebthings/deck.js","deck.js","Modern HTML Presentations","453","1733","JavaScript"
"7266","https://api.github.com/repos/networkx/networkx","networkx","Official NetworkX source code repository.  ","8431","2002","Python"
"7308","https://api.github.com/repos/JanX2/google-diff-match-patch-Objective-C","google-diff-match-patch-Objective-C","Objective C port of the Diff, Match and Patch libraries","4","1772","Objective-C"
"7560","https://api.github.com/repos/paparazzi/paparazzi","paparazzi","Paparazzi is a free and open-source hardware and software project for unmanned (air) vehicles. This is the main software repository.","2928","1938","C"
"7602","https://api.github.com/repos/tehapo/Clara","Clara","Declarative UI and bindings for Vaadin Framework","9","1385","Java"
"7728","https://api.github.com/repos/sonatype/plexus-utils","plexus-utils",,"3","2089","Java"
"7770","https://api.github.com/repos/getpelican/pelican","pelican","Static site generator that supports Markdown and reST syntax. Powered by Python.","4417","1950","HTML"
"7812","https://api.github.com/repos/cbeust/jcommander","jcommander","Command line parsing framework for Java","308","2037","Java"
"7854","https://api.github.com/repos/flamejs/flame.js","flame.js","Flame.js is a widget/UI library for Ember.js","249","1420","JavaScript"
"8568","https://api.github.com/repos/stephenmcd/django-forms-builder","django-forms-builder","Let users build forms in Django admin","231","2106","Python"
"8778","https://api.github.com/repos/ff0000/red-start","red-start",,"16","1419","Python"
"8946","https://api.github.com/repos/h5bp/ant-build-script","ant-build-script","Ant build script intended for use with HTML5 Boilerplate.","545","1480","Shell"
"8988","https://api.github.com/repos/TCWORLD/gLCD-Library","gLCD-Library","Arduino Nokia 128x128 Graphic LCD Library.","6","1580","C++"
"9072","https://api.github.com/repos/MayhemYDG/4chan-x","4chan-x","Cross-browser extension for productive lurking on 4chan.","3663","1612","CoffeeScript"
"9618","https://api.github.com/repos/grantr/rubberband","rubberband","ElasticSearch Ruby client (deprecated)","84","2113","Ruby"
"9828","https://api.github.com/repos/LibreCAD/LibreCAD","LibreCAD","LibreCAD is a 2D CAD drawing tool based on the community edition of QCad. LibreCAD has been re-structured and ported to Qt 4/5 and works natively cross platform between OSX, Windows and Linux. It can read DWG and DXF files; and it can write DXF, SVG, PDF ","2051","1782","C++"
"10038","https://api.github.com/repos/graphite-project/ceres","ceres","Distributable time-series database","8","1381","Python"
"10080","https://api.github.com/repos/sugarcrm/sugarcrm_dev","sugarcrm_dev","SugarCRM CE Source Code","303","1821","PHP"
"10164","https://api.github.com/repos/EmilyDirsh/GlitterGallery","GlitterGallery","Share, collect feedback on, and view/manage design iterations","62","742","JavaScript"
"10290","https://api.github.com/repos/leo-project/leo_manager","leo_manager","leo_manager distributes routing-tables (rings) and manages the cluster.","16","1359","Erlang"
"10752","https://api.github.com/repos/mjbellantoni/formtastic-bootstrap","formtastic-bootstrap","Formtastic form builder to generate Twitter Bootstrap-friendly markup.","381","1580","Ruby"
"10836","https://api.github.com/repos/cessen/recordscreen","recordscreen",,"7","1413","Python"
"10878","https://api.github.com/repos/csdl/makahiki","makahiki","An Open Source \"Serious Game\" Framework for Sustainability","50","1492","Python"
"11844","https://api.github.com/repos/halt-hammerzeit/jquery-full-house","jquery-full-house","(obsolete, deprecated) fills an html block with predefined text, so that font size automatically adjusts itself to the maximum","1","1464","HTML"
"11886","https://api.github.com/repos/heroku/heroku.py","heroku.py","Heroku API wrapper for Python.","4","1520","Python"
"11928","https://api.github.com/repos/schambers/fluentmigrator","fluentmigrator","Fluent Migrations framework for .net","1107","2163","C#"
"12012","https://api.github.com/repos/htfv/build-configurator","build-configurator","The Build Configurator Maven Plugin provides advanced options for configuring projects.","23","1498","Java"
"12264","https://api.github.com/repos/moeishaa/jglance","jglance","jGlance JavaScript Photo Gallery","1","1601","JavaScript"
"12306","https://api.github.com/repos/ushahidi/SwiftRiver","SwiftRiver","Discover, analyze and present data from the web and mobile in meaninful ways","1045","1598","PHP"
"12558","https://api.github.com/repos/lift/framework","framework","Lift Framework","5116","1856","Scala"
"12684","https://api.github.com/repos/lunar-linux/moonbase-xorg","moonbase-xorg",,"130","1335","Python"
"12726","https://api.github.com/repos/scalessec/Toast","Toast","An Objective-C category that adds toast notifications to the UIView object class.","30","1691","Objective-C"
"12768","https://api.github.com/repos/b-k/apophenia","Apophenia","A C library for statistical and scientific computing","17","1573","C"
"12852","https://api.github.com/repos/c9/architect","architect","A simple yet powerful plugin system for large-scale node applications","8","1440","JavaScript"
"12894","https://api.github.com/repos/csesoc/csesoc-website","csesoc-website",,"21","1419","Python"
"12978","https://api.github.com/repos/jruby/jruby-rack","jruby-rack","Rack for JRuby and Java appservers","101","2841","Ruby"
"13608","https://api.github.com/repos/flatland/useful","useful","Some Clojure functions we use all the time, and so can you.","15","734","Clojure"
"13650","https://api.github.com/repos/msysgit/git","git","msysGit-based Git for Windows 1.x is now superseded by Git for Windows 2.x","876","2309","C"
"13944","https://api.github.com/repos/kazhik/Kmoney","Kmoney","PC、タブレット、スマートフォンで使える家計簿ソフト","24","1436","JavaScript"
"14112","https://api.github.com/repos/vicfryzel/xmonad-config","xmonad-config","My xmonad and xmobar configuration, plus necessary scripts to make things more usable.","28","2078","Haskell"
"14364","https://api.github.com/repos/Dolibarr/dolibarr","dolibarr","Dolibarr ERP CRM is a modern software to manage your company or foundation activity (contacts, suppliers, invoices, orders, stocks, agenda, ...).It's an opensource software (wrote with PHP language) designed for small and medium companies, foundation and ","3373","1694","PHP"
"14448","https://api.github.com/repos/FogCreek/WebPutty","WebPutty","WebPutty is a simple CSS editing and hosting service that you can run on Google App Engine.","7","1414","Python"
"14952","https://api.github.com/repos/brianc/node-postgres","node-postgres","PostgreSQL client for node.js.","1592","1943","JavaScript"
"15078","https://api.github.com/repos/tonydspaniard/Yii-extensions","Yii-extensions","My small contribution to the Yii framework community","41","1553","PHP"
"15120","https://api.github.com/repos/sbooth/Max","Max","An audio converter and CD ripper","2","2377","Objective-C"
"15330","https://api.github.com/repos/bitly/asyncmongo","asyncmongo","An asynchronous library for accessing mongo with tornado.ioloop","18","1953","Python"
"15372","https://api.github.com/repos/enriquepablo/terms","terms","The terms programming environment","192","1363","Python"
"15582","https://api.github.com/repos/tmetsch/pyssf","pyssf","Service Sharing Facility - Fork of the orginial reposotory at sourceforge","1","1622","Python"
"15792","https://api.github.com/repos/bow/biopython","biopython","Python library for biological data processing","5","1695","Python"
"15918","https://api.github.com/repos/eucalyptus/documentation","documentation",,"63","1362","HTML"
"16044","https://api.github.com/repos/ZF-Commons/ZfcTwig","ZfcTwig","Zend Framework 2 Module that provides a Twig rendering strategy","70","1382","PHP"
"16212","https://api.github.com/repos/Njol/Skript","Skript","Skript is a Bukkit plugin which allows server admins to customize their server easily, but without the hassle of programming a plugin or asking/paying someone to program a plugin for them.","262","1399","Java"
"16380","https://api.github.com/repos/antimatter15/jsgif","jsgif","Save a HTML5 Canvas to GIF and Animations. A port of as3gif GIFPlayer to JS","7","2025","JavaScript"
"16632","https://api.github.com/repos/sveinbjornt/STPrivilegedTask","STPrivilegedTask","An NSTask-like wrapper around OS X Security Framework's AuthorizationExecuteWithPrivileges() to run shell commands with root privileges in Objective-C / Cocoa","5","1544","Objective-C"
"16716","https://api.github.com/repos/NetLogo/Network-Extension","Network-Extension","experimental network primitives for NetLogo (distance metrics, path finding, ...)","1","1665","Shell"
"16968","https://api.github.com/repos/crowdint/rails3-jquery-autocomplete","rails3-jquery-autocomplete","An easy and unobtrusive way to use jQuery's autocomplete with Rails 3","499","2036","Ruby"
"17472","https://api.github.com/repos/mickem/nscp","nscp","NSClient++","503","1401","C++"
"18270","https://api.github.com/repos/p-h-p/instagraph","instagraph","Instagram with ImageMagick & PHP","12","1453","PHP"
"18858","https://api.github.com/repos/IKANOW/Infinit.e-preinstall","Infinit.e-preinstall","The first Open Source document analysis platform. This project contains pre-requisites for the deployment of the Infinit.e RPMs","1","1460","Shell"
"19026","https://api.github.com/repos/wwwtyro/Astray","Astray","A WebGL maze game built with Three.js and Box2dWeb.","8","1330","JavaScript"
"19068","https://api.github.com/repos/shimaore/ccnq3","ccnq3","(Obsolete) CCNQ (ISP VoIP platform) v3","11","1532","CoffeeScript"
"19194","https://api.github.com/repos/nathanvda/cocoon","cocoon","Dynamic nested forms using jQuery made easy; works with formtastic, simple_form or default forms","490","1846","Ruby"
"20580","https://api.github.com/repos/twilio/stashboard","stashboard","An open-source status dashboard running on App Engine","37","2087","Python"
"20664","https://api.github.com/repos/cosh/fallen-8","fallen-8","Fallen-8 is an in-memory graph database implemented in C#.","2","1566","C#"
"21084","https://api.github.com/repos/tj/lingo","lingo","Linguistics module for Node - inflection, transformation, i18n and more","1","1989","JavaScript"
"21294","https://api.github.com/repos/Quarx2k/android_device_moto_jordan-common","android_device_moto_jordan-common","common repo for MB520/MB525/MB526/","1","1334","C"
"21420","https://api.github.com/repos/aobo711/bootstrap-django-admin","bootstrap-django-admin","Django admin templates styled with Twitter Bootstrap","3","1416","CSS"
"21504","https://api.github.com/repos/vmg/clar","clar","What tests are made of.","115","1647","C"
"21630","https://api.github.com/repos/wangyan/lanmp","lanmp","Linux + Apache + Nginx + MySQL + PHP Auto Install Script","2","1477","Shell"
"21756","https://api.github.com/repos/facelessuser/FavoriteFiles","FavoriteFiles","Sublime Text plugin to save favorite files","13","1428","Python"
"22344","https://api.github.com/repos/rick/linode","linode","Ruby wrapper for the Linode automation API","14","2401","Ruby"
"22974","https://api.github.com/repos/jonikorpi/Golden-Grid-System","Golden-Grid-System","A folding grid for responsive design.","2","1680","CSS"
"23058","https://api.github.com/repos/hippojay/plugin.video.plexbmc","plugin.video.plexbmc","PleXBMC for KODI","50","1848","Python"
"23184","https://api.github.com/repos/mbreese/couchdb4j","couchdb4j","CouchDB library for Java using JSON","1","2438","Java"
"23226","https://api.github.com/repos/philwebb/springfaces","springfaces","Spring JSF Integration (for Spring 3 & JSF 2)","55","1777","Java"
"23268","https://api.github.com/repos/blynn/gitmagic","gitmagic","A guide to using Git","5","2825","Makefile"
"23394","https://api.github.com/repos/headchant/LICK","LICK","Löve Interactive Coding Kit","2","1813","Lua"
"23646","https://api.github.com/repos/heroku/heroku-jenkins-plugin","heroku-jenkins-plugin","A plugin for interacting with Heroku during Jenkins builds","40","1430","Java"
"23688","https://api.github.com/repos/epeli/underscore.string","underscore.string","String manipulation helpers for javascript","436","2029","JavaScript"
"24276","https://api.github.com/repos/MagerValp/CreateUserPkg","CreateUserPkg","Create packages to deploy Mac OS X user accounts","59","1341","PostScript"
"24444","https://api.github.com/repos/phpmyadmin/phpmyadmin","phpmyadmin","phpMyAdmin itself","3991","1503","PHP"
"24738","https://api.github.com/repos/jnunemaker/toystore","toystore","Object mapper for anything that can read, write and delete data","5","1559","Ruby"
"24990","https://api.github.com/repos/cosimo/perl6-digest-md5","perl6-digest-md5","Perl6 port of Perl5' Digest::MD5 module","12","2072","Perl6"
"25368","https://api.github.com/repos/on1arf/gmsk","gmsk","GMSK modem on raspberry pi, pandaboard any other linux board","2","1575","C"
"25452","https://api.github.com/repos/jorgeortiz85/scala-time","scala-time","A Scala wrapper for Joda Time","30","2496","Scala"
"25620","https://api.github.com/repos/BrandroidTools/OpenExplorer","OpenExplorer","An open source advanced file manager for all Android devices - Phones, Tablets, Google TV.","7","1622","Java"
"25830","https://api.github.com/repos/tj/consolidate.js","consolidate.js","Template engine consolidation library for node.js","21","1555","JavaScript"
"26040","https://api.github.com/repos/ngsutils/ngsutils","ngsutils","Tools for next-generation sequencing analysis","2","1322","Python"
"26124","https://api.github.com/repos/dingyonglaw/JSLog","JSLog","Javascript Modular Logging Library","2","1554","JavaScript"
"26334","https://api.github.com/repos/KindDragon/CPPDebuggerVisualizers","CPPDebuggerVisualizers","C++ Debugger Visualizers","1","1312","C++"
"26586","https://api.github.com/repos/smaldini/grails-events-si","grails-events-si","Events API - Spring Integration plugin","11","1436","Java"
"27048","https://api.github.com/repos/robfletcher/grails-gson","grails-gson","Provides alternate JSON (de)serialization for Grails using Google's Gson library","88","1344","Groovy"
"27258","https://api.github.com/repos/highcharts/highcharts","highcharts.com","Highcharts JS, the JavaScript charting framework","2297","2079","JavaScript"
"27930","https://api.github.com/repos/klebershimabuku/job_board2","job_board2",,"8","1411","Ruby"
"27972","https://api.github.com/repos/alecthomas/voluptuous","voluptuous","Voluptuous, despite the name, is a Python data validation library.","110","2030","Python"
"28350","https://api.github.com/repos/aritter/twitter_nlp","twitter_nlp","Twitter NLP Tools","18","1666","HTML"
"28434","https://api.github.com/repos/whackashoe/cprocessing","cprocessing","A port of the drawing library processing to c++","12","1503","C++"
"29022","https://api.github.com/repos/agnat/node_mdns","node_mdns","mdns/zeroconf/bonjour service discovery add-on for node.js","121","2105","JavaScript"
"29106","https://api.github.com/repos/remybach/jQuery.superLabels","jQuery.superLabels","Give your forms a helping of awesome!","3","1494","JavaScript"
"29694","https://api.github.com/repos/BrunoDeBarros/git-deploy-php","git-deploy-php","git-deploy-php is a simple php-based tool that deploys your Git repositories to FTP/SFTP servers, and keeps them updated automatically.","24","1841",
"29736","https://api.github.com/repos/TheMuppets/proprietary_vendor_lge","proprietary_vendor_lge",,"21","1780","Makefile"
"30324","https://api.github.com/repos/scottschiller/SoundManager2","SoundManager2","A JavaScript Sound API supporting MP3, MPEG4 and HTML5 audio + RTMP, providing reliable cross-browser/platform audio control in as little as 12 KB. BSD licensed.","35","2252","JavaScript"
"30450","https://api.github.com/repos/kylef/ark","ark","Kyle's Arch Repository","8","1679","Shell"
"30702","https://api.github.com/repos/creationix/msgpack-js","msgpack-js","The msgpack protocol implemented in pure javascript.","8","1888","JavaScript"
"30744","https://api.github.com/repos/mbcharbonneau/UIImage-Categories","UIImage-Categories","An fork of Trevor Harmon's UIImage category methods, updated for the latest versions of iOS.","13","1429","Objective-C"
"31038","https://api.github.com/repos/vslavik/winsparkle","winsparkle","App update framework for Windows, inspired by Sparkle for OS X","33","2246","C++"
"31290","https://api.github.com/repos/akahuku/wasavi","wasavi","wasavi is an extension for Chrome, Firefox, and Opera. wasavi changes a textarea element to virtual vi editor which supports almost all the vi/ex commands.","119","1438","JavaScript"
"31374","https://api.github.com/repos/lorensiuswlt/NewQuickAction","NewQuickAction","Android QuickAction","6","1841","Java"
"31920","https://api.github.com/repos/vitmalina/Web-2.0-Touch","Web-2.0-Touch","JavaScript mini framework for rapid mobile apps development on touch devices (iPhone, iPad, Android and other webkit browsers)","7","1717","CSS"
"31962","https://api.github.com/repos/drivard/openshift-django-postgresql","openshift-django-postgresql","Modified version of \"Django git repository for OpenShift\" to connect to a PostgreSQL backend.","4","1422","Python"
"32130","https://api.github.com/repos/benrhughes/todotxt.net","todotxt.net","An implementation of todo.txt for Windows using the .NET framework","327","1761","C#"
"32844","https://api.github.com/repos/greenisus/NSObject-NSCoding","NSObject-NSCoding","Automatic NSCoding and persistence implementation","2","1807","Objective-C"
"33348","https://api.github.com/repos/char0n/ffmpeg-php","ffmpeg-php","FFmpegPHP is a pure OO PHP port of ffmpeg-php writter in C. It adds an easy to use, object-oriented API for accessing and retrieving information from video and audio files. It has methods for returning frames from movie files as images that can be manipul","32","1130",
"33432","https://api.github.com/repos/parndt/refinerycms-wymeditor","refinerycms-wymeditor","WYMeditor extension for Refinery CMS","14","1467","HTML"
"33852","https://api.github.com/repos/theos/theos","theos","Unified cross-platform Makefile system.","63","2200","Perl"
"34440","https://api.github.com/repos/djcb/mu","mu","maildir indexer/searcher + emacs mail client + guile bindings","474","1499","C"
"34524","https://api.github.com/repos/janfri/mini_exiftool","mini_exiftool","This library is a wrapper for the Exiftool command-line application (http://www.sno.phy.queensu.ca/~phil/exiftool/) written by Phil Harvey. You will get the full power of Exiftool to Ruby: Reading and writing of EXIF-data, IPTC-data and XMP-data. Branch m","20","2659","Ruby"
"34566","https://api.github.com/repos/the-teacher/the_sortable_tree","the_sortable_tree","Nested Set + Drag&Drop GUI. Very fast! Best render helper! 2000 nodes/sec. Ready for rails 4","116","1564","Ruby"
"35406","https://api.github.com/repos/shramov/leaflet-plugins","leaflet-plugins","Plugins for Leaflet library","338","1415","JavaScript"
"35574","https://api.github.com/repos/jhnns/rewire","rewire","Easy dependency injection for node.js unit testing","100","1359","JavaScript"
"35658","https://api.github.com/repos/khy/granmal.com","granmal.com","App Log","14","95","JavaScript"
"36036","https://api.github.com/repos/caleb531/jcanvas","jcanvas","A jQuery plugin that makes the HTML5 canvas easy to work with.","163","1689","JavaScript"
"36078","https://api.github.com/repos/geoscript/geoscript-ruby","geoscript-ruby","GeoScript for JRuby","10","1323","Ruby"
"36204","https://api.github.com/repos/Unact/iExp","iExp",,"30","1328","Objective-C"
"36330","https://api.github.com/repos/yihui/knitr-examples","knitr-examples","a collection of knitr examples","16","1321","TeX"
"36624","https://api.github.com/repos/dhellmann/rst2blogger","rst2blogger","Convert reStructuredText to HTML suitable for posting to Blogger","1","1464","Python"
"36666","https://api.github.com/repos/gregmarra/the-blue-alliance","the-blue-alliance","A webapp for accessing information about the FIRST Robotics Competition.","604","636","Python"
"37002","https://api.github.com/repos/nodesagency/Platform-Twitter-Bootstrap","Platform-Twitter-Bootstrap","Twitter Bootstap Utilities for CakePHP","13","1505","JavaScript"
"37632","https://api.github.com/repos/component/tip","tip","Tooltips with a nice flexible API","13","1288","JavaScript"
"37842","https://api.github.com/repos/tomhuda/metamorph.js","metamorph.js",,"14","1640","JavaScript"
"38136","https://api.github.com/repos/javajawa/DoCitten","DoCitten","DoCitten: The Cutest IRC bot ever [citation needed]","30","1516","Java"
"38262","https://api.github.com/repos/staugaard/ember-resource","ember-resource","This project has moved. The canonical repository is now located at: https://github.com/zendesk/ember-resource","22","1650","JavaScript"
"38346","https://api.github.com/repos/opendns/dnscrypt-proxy","dnscrypt-proxy","A tool for securing communications between a client and a DNS resolver","85","1005","C"
"38976","https://api.github.com/repos/privly/privly-chrome","privly-chrome","Official Privly Browser Extension for Google Chrome - Allows for Viewing and Posting Content on Any Website Without the Host Site Having Access","134","1499","JavaScript"
"39018","https://api.github.com/repos/augustash/capistrano-ash","capistrano-ash","August Ash recipes for Capistrano","16","1895","Ruby"
"39144","https://api.github.com/repos/creationix/wheat","wheat","Wheat is a blog engine for coders written in node.JS","1","2142","JavaScript"
"39186","https://api.github.com/repos/johnmyleswhite/ML_for_Hackers","ML_for_Hackers","Code accompanying the book \"Machine Learning for Hackers\"","16","1473","R"
"39312","https://api.github.com/repos/FriendsOfPHP/PHP-CS-Fixer","PHP-CS-Fixer","Analyzes some PHP source code and tries to fix coding standards issues (PSR-1 and PSR-2 compatible)","858","1371","PHP"
"39438","https://api.github.com/repos/tagomoris/fluent-plugin-config-expander","fluent-plugin-config-expander",,"2","1312","Ruby"
"40362","https://api.github.com/repos/masterexploder/PHPThumb","PHPThumb","PHP Thumbnail & Image Manipulation Library","22","2332","PHP"
"40530","https://api.github.com/repos/evilstreak/markdown-js","markdown-js","A Markdown parser for javascript","242","2250","JavaScript"
"40698","https://api.github.com/repos/aurelian/ruby-stemmer","ruby-stemmer","Expose libstemmer_c to Ruby","5","2663","C"
"40782","https://api.github.com/repos/57uff3r/nodejs-vksdk","nodejs-vksdk","NodeJS SDK for vk.com","2","1300","JavaScript"
"41118","https://api.github.com/repos/definite/ibus-chewing","ibus-chewing","The Chewing engine for IBus","79","2573","C"
"41328","https://api.github.com/repos/jruby/heroku-buildpack-jruby","heroku-buildpack-jruby",,"13","1404","Shell"
"41832","https://api.github.com/repos/lailsonbm/awesome_nested_fields","awesome_nested_fields","Easy dynamic nested fields for Rails and jQuery applications.","60","1886","Ruby"
"42378","https://api.github.com/repos/cbou/markdox","markdox","Markdox is a documentation generator based on Dox and Markdown. It parse Javascript and even Coffeescript.","19","1360","JavaScript"
"42420","https://api.github.com/repos/codeforamerica/social-media-handbook","social-media-handbook","This is a guidebook for city government representatives on how to use social media to better engage their citizen communities.","4","1351","HTML"
"43260","https://api.github.com/repos/juzu/juzu","juzu","A web framework for portlet and portal","37","1611","Java"
"43680","https://api.github.com/repos/azer/onejs","onejs","Deprecated: Use Browserify instead.","8","1590","JavaScript"
"43890","https://api.github.com/repos/codywd/WiFiz-Deprecated","WiFiz","A NetCTL GUI Frontend. Deprecated, please start using NetGUI, as it is better all around. Beta, however.","3","1287","Python"
"43932","https://api.github.com/repos/edoko/AirKernel_GN_JB","AirKernel_GN_JB","for JellyBean Kernel (GN)","3","1326","C"
"44100","https://api.github.com/repos/cdfeasy/Army-Editor","Army-Editor",,"32","1751","Java"
"44142","https://api.github.com/repos/lukleh/TwistedBot","TwistedBot","bot and proxy for Minecraft","3","1306","Python"
"44436","https://api.github.com/repos/board3/Board3-Portal","Board3-Portal","Adds a portal with several blocks, which can be switched on and off via the ACP, to the front page of your phpBB 3 forums.","436","1771","PHP"
"44604","https://api.github.com/repos/ProgVal/Limnoria","Limnoria","A modified version of Supybot (an IRC bot) with Python 3 and IRCv3 support, embedded web server, translations (fr, fi, it, hu, de), and many other enhancements and bug fixes","2159","1772","Python"
"44730","https://api.github.com/repos/geelen/git-smart","git-smart","Add some smarts to your git workflow","1","1876","Ruby"
"44814","https://api.github.com/repos/railsware/sht_rails","sht_rails","Shared handlebars templates for Rails 3","17","1383","Ruby"
"44898","https://api.github.com/repos/alexvollmer/tuneup_js","tuneup_js","A JavaScript library to ease automated iOS UI testing with UIAutomation and Instruments.","99","2043","JavaScript"
"45150","https://api.github.com/repos/obayer/MultiWii-HoTT","MultiWii-HoTT","Extension on MultiWii FlightControl Software to support Graupner HoTT Telemetry","28","1420","Arduino"
"45402","https://api.github.com/repos/assaf/rack-oauth2-server","rack-oauth2-server","LOOKING FOR MAINTAINER — OAuth 2.0 Authorization Server as a Rack module","17","1572","Ruby"
"45570","https://api.github.com/repos/mamantoha/omniauth-vkontakte","omniauth-vkontakte","Unofficial VKontakte strategy for OmniAuth","41","1574","Ruby"
"46074","https://api.github.com/repos/Shougo/unite-session","unite-session","unite.vim session source","1","1314","VimL"
"46158","https://api.github.com/repos/valderman/haste-compiler","haste-compiler","A GHC-based Haskell to JavaScript compiler.","284","1500","Haskell"
"46326","https://api.github.com/repos/pasaran/yate","yate","Yet Another Template Engine","408","1792","JavaScript"
"46368","https://api.github.com/repos/coolwanglu/pdf2htmlEX","pdf2htmlEX","Convert PDF to HTML without losing text or format.","788","1286","C++"
"47208","https://api.github.com/repos/persand/blaskan","blaskan","A responsive and accessible WordPress theme. Developed and sponsored by @kollegorna.","19","1801","PHP"
"47502","https://api.github.com/repos/entagen/jenkins-build-per-branch","jenkins-build-per-branch",,"138","1488","Groovy"
"47544","https://api.github.com/repos/jstorimer/delayed_paperclip","delayed_paperclip","Process your Paperclip attachments in the background with delayed_job or Resque.","20","2219","Ruby"
"48552","https://api.github.com/repos/tigris/chef-unicorn","chef-unicorn","Create init.d wrappers for your unicorns","8","1324","Ruby"
"49140","https://api.github.com/repos/czjomi/ma-xml-4.0-czech","ma-xml-4.0-czech","CZECH strings for multilang MIUIv4.1 by miuiandroid.com","1","1317",
"49350","https://api.github.com/repos/ryanb/govsgo","govsgo","Rails 3 app for playing the board game Go online.","3","1962","Ruby"
"50862","https://api.github.com/repos/benliles/django-chance","django-chance","An event manager with registration.","2","1323","Python"
"51198","https://api.github.com/repos/lordkrandel/ahk_library","ahk_library","Object oriented library for Autohotkey","11","1395","AutoHotkey"
"51324","https://api.github.com/repos/samueltbrown/gradle-cucumber-plugin","gradle-cucumber-plugin","Plugin to support cucumber-jvm in Gradle  builds","41","1325","Cucumber"
"51534","https://api.github.com/repos/holman/ama","feedback","Ask @holman anything!","202","1688",
"51618","https://api.github.com/repos/gephi/gephi-plugins","gephi-plugins","Repository for Gephi Plugins maintained by the team. Each plugin has it's branch.","90","1560",
"52584","https://api.github.com/repos/sebastian/SignpostDemo","SignpostDemo","Code for the Signpost demo applications","16","1394","Objective-C"
"52878","https://api.github.com/repos/natronics/pystreamgraph","pystreamgraph","A library to make 'stream graphs' in python. Uses svgfig to draw the graph in SVG","2","2155","Python"
"52920","https://api.github.com/repos/heuer/cassa","cassa","SPARQL 1.1 Graph Store HTTP Protocol implementation with plugable backends (i.e. RDF and Topic Maps)","18","1737","Java"
"53172","https://api.github.com/repos/mhausenblas/schema-org-rdf","schema-org-rdf","Schema.org in RDF","10","1731","HTML"
"53214","https://api.github.com/repos/zk00006/OpenTLD","OpenTLD","Official source code for TLD","7","1797","Matlab"
"53424","https://api.github.com/repos/k33g/gh3","gh3","Client-side Javascript API wrapper for GitHub API V3","14","1308","JavaScript"
"53634","https://api.github.com/repos/ncrohn/express-uglify","express-uglify","Expose the Uglify JS package to minify projects on the fly.","1","1783","JavaScript"
"53676","https://api.github.com/repos/savetheinternet/Tinyboard","Tinyboard","The better imageboard software","53","1948","PHP"
"54012","https://api.github.com/repos/libpinyin/libpinyin","libpinyin","Library to deal with pinyin.","107","1956","C++"
"54222","https://api.github.com/repos/gmazelier/jobesque","jobesque","Jobesque is a simple Clojure job scheduler, built on top of cron4j.","25","1378","Clojure"
"55188","https://api.github.com/repos/justjohn/twig.js","twig.js","JS implementation of the Twig Templating Language","239","1597","JavaScript"
"55902","https://api.github.com/repos/zendframework/zf-web","zf-web","Sources for the Zend Framework website","64","1456","HTML"
"56658","https://api.github.com/repos/anodyne/nova","nova","Premier online RPG management software","64","2309","PHP"
"56700","https://api.github.com/repos/timkay/aws","aws","Easy command line access to Amazon EC2, S3, SQS, ELB, and SDB (new!)","23","2542","Perl"
"56868","https://api.github.com/repos/ABBAPOH/andromeda","Andromeda","Cross-platform file manager, written on Qt.","15","1547","C++"
"58086","https://api.github.com/repos/lafourchette/LaFourchetteBreadcrumbsBundle","LaFourchetteBreadcrumbsBundle","Breadcurmb lafourchette","7","1332","PHP"
"58338","https://api.github.com/repos/Deepwalker/trafaret","trafaret","validate arbitrary data structures in python","2","1499","Python"
"58548","https://api.github.com/repos/droppoint/Fontaine","Fontaine",,"20","1381","Python"
"58590","https://api.github.com/repos/rabbitmq/erlando","erlando","Erlando","12","1799","Erlang"
"59010","https://api.github.com/repos/rabbitmq/rabbitmq-shovel-management","rabbitmq-shovel-management","RabbitMQ Shovel Management","4","1750","Makefile"
"59136","https://api.github.com/repos/JuliaLang/julialang.github.com","julialang.github.com","Julia Project web site.","310","1546","TeX"
"59178","https://api.github.com/repos/dcwatson/bbcode","bbcode","A pure python bbcode parser and formatter.","4","1320","Python"
"59640","https://api.github.com/repos/koraktor/braumeister.org","braumeister.org","An online package browser for Homebrew, the OS X package manager.","66","1510","Ruby"
"59766","https://api.github.com/repos/jeromeetienne/tquery","tquery","extension system for three.js","316","1485","AGS Script"
"59850","https://api.github.com/repos/barmalei/zebra","zebra","JavaScript library that follows easy OOP concept, provides HTML5 Canvas based Rich UI and includes Java to JavaScript converter tool","4","1384","HTML"
"59934","https://api.github.com/repos/DanielG/ghc-mod","ghc-mod","Happy Haskell Hacking for editors","1422","2177","Haskell"
"60228","https://api.github.com/repos/mLewisLogic/foursquare","foursquare","The Foursquare API client for Python","51","1607","Python"
"60438","https://api.github.com/repos/BattleNight/BattleNight-Core","BattleNight-Core","The main CraftBukkit plugin.","213","1455","Java"
"60942","https://api.github.com/repos/kukas/Mesto","Mesto","Topdown Dieselpunk RPG set in dystopian future. Programmed in Javascript.","8","1351","JavaScript"
"61278","https://api.github.com/repos/schani/clojurec","clojurec","A Clojure implementation on top of C","61","1366","Clojure"
"61362","https://api.github.com/repos/nvbn/vkvideo","vkvideo","Vkontakte video lens","3","1402","Python"
"61908","https://api.github.com/repos/fseek/Remote-Ticket-Tracker--web-","Remote-Ticket-Tracker--web-",,"1","1312","JavaScript"
"61950","https://api.github.com/repos/tytso/e2fsprogs","e2fsprogs","Ext2/3/4 file system utilities","2","1670","C"
"62076","https://api.github.com/repos/ujifgc/pagedown","pagedown","Markdown to HTML converter and editor (hg-git clone)","2","1504","JavaScript"
"62454","https://api.github.com/repos/shaneharter/PHP-Daemon","PHP-Daemon","Build production-ready Daemons using PHP 5.3+. Build fault-tolerant applications without the boilerplate.","19","1880","PHP"
"62706","https://api.github.com/repos/PerlGameDev/Avenger","Avenger","Simple and powerful game framework","5","1722","Perl"
"63294","https://api.github.com/repos/br3ttb/Arduino-PID-Library","Arduino-PID-Library",,"9","1517","C++"
"63336","https://api.github.com/repos/romgar/django-dirtyfields","django-dirtyfields","Tracking dirty fields on a Django model","79","2003","Python"
"63840","https://api.github.com/repos/kof/node-cjson","node-cjson","Comments enabled json loader (Commented JavaScript Object Notation)","9","1801","JavaScript"
"63924","https://api.github.com/repos/jknack/modern-web-app","modern-web-app","Modern Web Application Architecture in Java","43","1463","JavaScript"
"64134","https://api.github.com/repos/widdowquinn/find_differential_primers","find_differential_primers","Scripts to aid the design of differential primers for diagnostic PCR.","1","1497","Python"
"64260","https://api.github.com/repos/patforna/whereispat","whereispat","whereispat","5","1430","JavaScript"
"64302","https://api.github.com/repos/sitaramc/sitaramc.github.com","sitaramc.github.com","Website created semi-automatically from the git-notes repo","2","2615","HTML"
"64470","https://api.github.com/repos/H2CO3/libsprec","libsprec","C library for speech recognition using the Google Speech API","2","1398","C"
"64512","https://api.github.com/repos/coolony/kiwi","kiwi","Simple yet powerful asynchronous JavaScript template engine based on jQuery Template syntax, usable server-side or client-side.","4","1387","JavaScript"
"64932","https://api.github.com/repos/ubaransel/lgcommander","lgcommander",,"6","1430","Python"
"65016","https://api.github.com/repos/clbustos/rubyvis","rubyvis","Ruby version of Protovis, a visualization toolkit.","41","1963","Ruby"
"65268","https://api.github.com/repos/technoweenie/guillotine","guillotine","URL shortening hobby kit","1","1673","Ruby"
"65604","https://api.github.com/repos/grosser/fast_gettext","fast_gettext","Ruby GetText, but 3.5x faster + 560x less memory + simple + clean namespace + threadsave + extendable + multiple backends + Rails3 ready","31","2555","Ruby"
"65772","https://api.github.com/repos/landonf/simlaunch","simlaunch","GUI Mac Wrapper for iPhone Simulator Binaries.","2","2202","Objective-C"
"66066","https://api.github.com/repos/agile-samurai-ja/support","support","『アジャイルサムライ』のサポートページです","7","1731",
"66318","https://api.github.com/repos/Animatron/player","player","JavaScript player for Animatron Tool","3","1465","JavaScript"
"66444","https://api.github.com/repos/cgranade/python-quaec","python-quaec","A library for working with quantum error correction.","4","1366","Python"
"67620","https://api.github.com/repos/mozilla/mozilla-ignite","mozilla-ignite","A playdoh app/web-site for the Mozilla Ignite challenge. We're asking people to provide their ideas on how technology and a 1GBPS network will help people's lives.","19","1593","Python"
"67746","https://api.github.com/repos/mmx900/ManalithBot","ManalithBot","ManalithBot is an open source IRC bot based on the PircBotX Framework.","326","1583","Java"
"67956","https://api.github.com/repos/nervetattoo/jquery-autosave","jquery-autosave",,"12","2393","JavaScript"
"68166","https://api.github.com/repos/Piratenfraktion-Berlin/OwnTube","OwnTube","OwnTube is your personal video portal based on Django","6","1347","Python"
"68964","https://api.github.com/repos/stencila/stencila","stencila","Documents powered by data","603","1373","C++"
"69048","https://api.github.com/repos/ging/vish_editor","vish_editor","ViSH Editor is a HTML5 application to create web presentations in a simple and friendly way.","128","1463","JavaScript"
"69720","https://api.github.com/repos/cvicente/Netdot","Netdot","Network Documentation Tool","32","1740","Perl"
"69846","https://api.github.com/repos/darthvader88/ihpp","ihpp","An Intraprocedural Hot Path Profiler","1","1429","C++"
"69930","https://api.github.com/repos/yannk/MogileFS-REST-Service","MogileFS-REST-Service","A really dumb REST interface to MogileFS","4","1677","Perl"
"70476","https://api.github.com/repos/cms-dev/cms","cms","Contest Management System","288","1592","Python"
"71526","https://api.github.com/repos/VDrift/vdrift","vdrift","VDrift source code","279","1905","C++"
"71694","https://api.github.com/repos/johanlofberg/YALMIP","YALMIP","MATLAB toolbox for optimization modeling","787","1333","Matlab"
"72324","https://api.github.com/repos/philsturgeon/codeigniter-restclient","codeigniter-restclient","A RESTful client CodeIgniter library that can auto-detect the format and request its own.","14","2448","PHP"
"72450","https://api.github.com/repos/mojombo/god","god","Ruby process monitor","41","2968","Ruby"
"72996","https://api.github.com/repos/Phalynx/WoT-Dossier-Cache-to-JSON","WoT-Dossier-Cache-to-JSON","Transform WoT World of Tanks Dossier Cache to JSON","3","1446","Python"
"73500","https://api.github.com/repos/kryops/oddb2","oddb2",,"105","1401","PHP"
"73584","https://api.github.com/repos/mateodelnorte/servicebus","servicebus","Simple service bus for sending events between processes using amqp. ","23","1340","JavaScript"
"74214","https://api.github.com/repos/samikeijonen/path","path","Path WordPress theme build on Hybrid Core.","1","1346","PHP"
"74256","https://api.github.com/repos/makinacorpus/django-screamshot","django-screamshot","Web pages capture using Django & CasperJS","11","1410","Python"
"74424","https://api.github.com/repos/mvpdev/django-eav","django-eav","Entity Attribute Value","6","2002","Python"
"74676","https://api.github.com/repos/buchen/portfolio","portfolio","A simple tool to calculate the overall performance of an investment portfolio.","1259","1417","Java"
"75726","https://api.github.com/repos/n3wm1nd/TA","TA","Tech Annihilation","623","1826","Lua"
"76230","https://api.github.com/repos/xenomuta/coffee-trace","coffee-trace","An easier way to match javascript lines to corresponding coffee-script in stack-traces","1","1308","CoffeeScript"
"77070","https://api.github.com/repos/mosra/magnum-plugins","magnum-plugins","Plugins for Magnum graphics engine","2","1537","C++"
"77280","https://api.github.com/repos/superseal/raisin","raisin","babby's first IRC bot","2","1281","Python"
"77490","https://api.github.com/repos/amielke/amielke-overlay","amielke-overlay","Ebuild for Gentoo and Funtoo, Focus VDR","5","2075","Shell"
"77532","https://api.github.com/repos/aralejs/calendar","calendar","Calendar Widget","117","1312","JavaScript"
"77868","https://api.github.com/repos/JNRowe/jnrowe-misc","jnrowe-misc","Gentoo overlay -- miscellaneous packages","445","2487","Groff"
"78036","https://api.github.com/repos/DruRly/reddit-in-sinatra","reddit-in-sinatra","Code for \"Reddit in Sinatra\" Tutorials","3","1342","Ruby"
"78120","https://api.github.com/repos/gjtorikian/panino-docs","panino-docs","API documentation generation tool with an emphasis on JSDoc-style comment parsing","3","1401","JavaScript"
"78162","https://api.github.com/repos/AlmuraDev/Backpack","Backpack","Backpack is a plugin for Sponge that gives players a handy backpack.","1","432","Java"
"79128","https://api.github.com/repos/dirn/When.py","When.py","Friendly Python Dates","20","1386","Python"
"79296","https://api.github.com/repos/duelinmarkers/clj-record","clj-record","DEPRECATED: A pseudo-port of ActiveRecord to the Clojure programming language","4","2605","Clojure"
"79548","https://api.github.com/repos/whichlight/dancey-dots","dancey-dots","a collective minimal browser synth, using socketio, nodejs and the web audio api","4","1311","JavaScript"
"79590","https://api.github.com/repos/mannd/epmobile-ios","epmobile-ios","Apple iOS version of EP Mobile","6","1414","Objective-C"
"79968","https://api.github.com/repos/scottjehl/Device-Bugs","Device-Bugs","Just a collection of quirks and issues that occur on browser platforms (particularly those unlikely to update)","14","1441",
"80052","https://api.github.com/repos/nixme/jazz_hands","jazz_hands","Pry-based enhancements for the default Rails 3 and 4 consoles","9","1558","Ruby"
"80346","https://api.github.com/repos/pathscale/stdcxx","stdcxx",,"1","1905","C++"
"80766","https://api.github.com/repos/robertabcd/lol-ob","lol-ob","a league of legends spectator mode game downloader","126","1389","Ruby"
"80850","https://api.github.com/repos/nathggns/Scrollbars","Scrollbars","Create easily theme-able scrollbars using jQuery","23","1633","JavaScript"
"81438","https://api.github.com/repos/dankamongmen/omphalos","omphalos","A tool for network enumeration and domination.","4","1896","C"
"81690","https://api.github.com/repos/Nyx0uf/qlImageSize","qlImageSize","QuickLook plugin to display the dimensions and size of an image in the title bar instead of the filename. Also preview some unsupported formats like WebP.","4","1490","Objective-C"
"82488","https://api.github.com/repos/yodarunamok/fxphp","fxphp","FX.php -- The best way from FileMaker to the Web","50","1504","PHP"
"82950","https://api.github.com/repos/crowdfavorite/wp-twitter-tools","wp-twitter-tools",,"31","1601","PHP"
"83118","https://api.github.com/repos/tabatkins/parse-css","css-parser",":horse_racing: Standards-based CSS Parser","34","1331","JavaScript"
"83160","https://api.github.com/repos/HenrikJoreteg/ICanHaz.js","ICanHaz.js","A clean solution for templating with Mustache.js and jQuery or Zepto","43","2047","JavaScript"
"84126","https://api.github.com/repos/masylum/linkedin-js","linkedin-js","Easy peasy linkedin client for connect","4","1964","JavaScript"
"84210","https://api.github.com/repos/cismet/cids-utils","cids-utils","Administration tools and classes for the cids system.","2","1286","Java"
"84252","https://api.github.com/repos/flack/openpsa","openpsa","OpenPSA is an open-source business management web application suite","601","1930","PHP"
"84294","https://api.github.com/repos/guilhermeblanco/zendframework1-doctrine2","ZendFramework1-Doctrine2","Integration for Zend Framework and Doctrine","7","2004","PHP"
"84420","https://api.github.com/repos/Dervall/Piglet","Piglet","An easier to use parsing and lexing tool that is configurable in fluent code without a pre-build step.","2","1482","C#"
"84546","https://api.github.com/repos/agrover/configshell-fb","configshell-fb","configshell with additional modifications, see README","11","1535","Python"
"84672","https://api.github.com/repos/jsnyder/arm-eabi-toolchain","arm-eabi-toolchain","Makefile & supporting patches/scripts to build a bare metal ARM EABI toolchain.","4","2195","Makefile"
"85302","https://api.github.com/repos/bugsnag/bugsnag-ruby","bugsnag-ruby","Bugsnag error monitoring for rails, sinatra, rack and ruby","288","1583","Ruby"
"85428","https://api.github.com/repos/vadimg/js_bintrees","js_bintrees","Javascript implementation of binary search trees","1","1676","JavaScript"
"85470","https://api.github.com/repos/SecondBureau/formicary","formicary","organizational chart engine","4","1354","JavaScript"
"85554","https://api.github.com/repos/jorgefranconunes/tea","tea","The Tea scripting language.","6","1326","Java"
"86142","https://api.github.com/repos/Korko/CleverCover","CleverCover","WebApplication to simply create both cover and profile picture for FB, G+ or Twitter.","2","1373","JavaScript"
"86982","https://api.github.com/repos/cliffparnitzky/CheckedEmail","CheckedEmail","Contao Extension: Provides two textfields for forms for double entering a e-mail address and checking for equality.","1","1287","PHP"
"87066","https://api.github.com/repos/pksunkara/bullet","bullet","A simple lightweight MVC with express","4","1353","JavaScript"
"87192","https://api.github.com/repos/lucaswilric/grabbit","grabbit","RSS feed mash-together-er","10","1512","Ruby"
"87234","https://api.github.com/repos/rs/SafariTabSwitching","SafariTabSwitching","A SIMBL plugin for Safari 5.1 allowing tab switching by index (using Cmd-1, Cmd-2…)","22","1698","Objective-C"
"87444","https://api.github.com/repos/jonstipe/number-polyfill","number-polyfill","A polyfill for implementing the HTML5 <input type=\"number\"> element in browsers that do not currently support it.","4","1519","CoffeeScript"
"87528","https://api.github.com/repos/garybernhardt/raptor","raptor","An experimental web framework.","2","1612","Ruby"
"87654","https://api.github.com/repos/Behat/Gherkin","Gherkin","Gherkin parser, written in PHP 5.3+ for Behat project","30","1859","PHP"
"87990","https://api.github.com/repos/v002/v002-Media-Tools","v002-Media-Tools",,"3","1329","Objective-C"
"88074","https://api.github.com/repos/ricardobeat/cake-flour","cake-flour","Javascript build tools","11","1313","CoffeeScript"
"88788","https://api.github.com/repos/okfn/okfn.github.com","okfn.github.com","Open Knowledge Labs website (and general issue tracker).","1534","1544","JavaScript"
"89544","https://api.github.com/repos/deruyter/excel-report","excel-report","excel-report","4","1318","Java"
"90090","https://api.github.com/repos/soixantecircuits/wp-multilingual-slider","wp-multilingual-slider","An easy and dynamic wordpress multi-lingual slider","71","1345","JavaScript"
"90216","https://api.github.com/repos/yasserg/crawler4j","crawler4j","Open Source Web Crawler for Java","20","1527","Java"
"90468","https://api.github.com/repos/micheldumontier/php-lib","php-lib","A PHP utility library","25","1516","PHP"
"90762","https://api.github.com/repos/asorici/envsmth","envsmth",,"5","1339","Java"
"91392","https://api.github.com/repos/SimpleUpdates/SUPackageEcards","SUPackageEcards",,"4","1404","PHP"
"91938","https://api.github.com/repos/Silverpeas/OfficeOnline","OfficeOnline","Application to launch an Office editor with a webdav url","3","1827","Java"
"92526","https://api.github.com/repos/jedi4ever/markdown2confluence","markdown2confluence","Converting Markdown to Confluence Markup using Kramdown Gem","2","1531","Ruby"
"92736","https://api.github.com/repos/DaSchTour/Cavendish","Cavendish","Cavendish MediaWiki Skin","25","1311","CSS"
"93114","https://api.github.com/repos/hecko/nagmap","nagmap","NagMap - standalone integration of Nagios or Icinga into Google Maps","6","1339","PHP"
"93366","https://api.github.com/repos/lukas-vlcek/bigdesk","bigdesk","Live charts and statistics for Elasticsearch cluster.","38","1728","JavaScript"
"93408","https://api.github.com/repos/agoragames/tassadar","tassadar","A Starcraft 2 replay parser written in pure Ruby","12","1644","Ruby"
"93744","https://api.github.com/repos/rdarder/lisandro_training","lisandro_training",,"29","1311","Shell"
"97104","https://api.github.com/repos/ioquatix/rubydns","rubydns","RubyDNS is a tool that allows you to intercept and modify DNS requests. It can provide most typical DNS server functionality, including the ability to pull DNS records from any data source.","53","1775","Ruby"
"98154","https://api.github.com/repos/Jonimoose/libfxcg","libfxcg","Syscall and helper library for the Casio FX-CG (Prizm) color graphing calculator","20","1757","C"
"98322","https://api.github.com/repos/emilsjolander/StickyScrollViewItems","StickyScrollViewItems","A small android library for tagging views inside a ScrollView as \"sticky\" making them stick to the top of the scroll container until a new sticky view comes and takes it's place","5","1359","Java"
"98490","https://api.github.com/repos/rodionmoiseev/asset-mng","asset-mng",,"42","1341","JavaScript"
"98784","https://api.github.com/repos/mikebrittain/Wesley","Wesley","Compress and optimize the JPEG, PNG, and GIF files used in your site’s HTML and CSS.","1","2205","Perl"
"99246","https://api.github.com/repos/Kaljurand/K6nele","K6nele","Kõnele is an Android app that offers speech-to-text services to other apps","12","1525","Java"
"100002","https://api.github.com/repos/x86-8/linux-3.2","linux-3.2","iamroot.org linux study x86 8th","8","1392","C"
"100758","https://api.github.com/repos/biojava/biojava-legacy","biojava-legacy","Legacy BioJava 1 Code","11","1041","Java"
"100884","https://api.github.com/repos/locomotivecms/aloha-rails","aloha-rails","Rails 3.1 Integration for Aloha Editor","13","1498","Ruby"
"101304","https://api.github.com/repos/coronin/thepaperlink-chrome","thepaperlink-chrome","source of chrome extension \"the Paper Link\" for PubMed","2","1778","JavaScript"
"101808","https://api.github.com/repos/wrr/wwwhisper","wwwhisper","Persona based, application independent authorization backend for a web server.","8","1460","Python"
"101850","https://api.github.com/repos/MaStr/mkPirateBox-Mesh","mkPirateBox-Mesh","Meshing feature for Pirateboxes","5","534","Shell"
"102522","https://api.github.com/repos/realityforge/gelf4j","gelf4j","Library for sending log messages using the GELF protocol using CLI, Log4j, JDK Logging and Logback","3","1483","Java"
"103194","https://api.github.com/repos/qiuwch/StockAnalysisCn","StockAnalysisCn",,"1","1345","Python"
"103698","https://api.github.com/repos/lwe/simple_enum","simple_enum","Simple enum-like field support for ActiveModel (including validations and i18n)","78","2481","Ruby"
"104370","https://api.github.com/repos/dreamhost/sphinxcontrib-fulltoc","sphinxcontrib-fulltoc","Extension for Sphinx to make the sidebar show a full table of contents instead of just the local headings","1","1289","Python"
"104496","https://api.github.com/repos/algernon/madness","madness","Static website generator based on Enlive & Bootstrap.","3","1279","HTML"
"104916","https://api.github.com/repos/feedhq/feedhq","feedhq","FeedHQ is a web-based feed reader","63","1455","Python"
"105588","https://api.github.com/repos/kaize/mail_sandbox_web","mail_sandbox_web",,"2","1298","Ruby"
"106680","https://api.github.com/repos/juanpex/django-model-i18n","django-model-i18n","Model translations with a pluggable twist","2","1722","Python"
"106764","https://api.github.com/repos/nick8325/quickspec","quickspec","Equational laws for free","2","1440","Haskell"
"106890","https://api.github.com/repos/kobezzza/Collection","Collection","Minimalistic JavaScript library for working with collections of data.","7","1581","JavaScript"
"107478","https://api.github.com/repos/turt2live-bukkit/xMail","xMail","Cross - Server Mail","7","1384","Java"
"108654","https://api.github.com/repos/lysol/paraffin","paraffin","Simple ORM-like library for object-oriented database code","3","1319","PHP"
"109284","https://api.github.com/repos/katyhuff/cyder","cyder","A cyclus disposal environment and repository object.","161","1325","C++"
"109998","https://api.github.com/repos/ghusse/jQRangeSlider","jQRangeSlider","A jquery UI range selection slider that supports dates","159","1888","JavaScript"
"110376","https://api.github.com/repos/Steell/Ultimate-Mapchooser","Ultimate-Mapchooser","A SourceMod plugin that provides advanced and flexible control over map voting and rotation.","55","1326","SourcePawn"
"110964","https://api.github.com/repos/mozilla/scrumbugz","scrumbugz","Scrummy look at Bugzilla data. Discuss in #scrum on irc.mozilla.org.","15","1476","Python"
"111678","https://api.github.com/repos/moto-net/moto-net.github.com","moto-net.github.com","インターネット部Blog","10","1327","Ruby"
"112308","https://api.github.com/repos/developish/vagrant-wordpress","vagrant-wordpress","A Vagrant base project for building Wordpress themes","12","1746","Ruby"
"112476","https://api.github.com/repos/ralt/tartempion","tartempion","The web framework for people who like to eat some pie.","5","1328","JavaScript"
"112728","https://api.github.com/repos/mccxj/mccxj.github.com","mccxj.github.com","source of my blog","30","1085","JavaScript"
"112770","https://api.github.com/repos/samstyle/Xpeccy","Xpeccy","ZX-Spectrum emulator","1","1830","C"
"112938","https://api.github.com/repos/CakeDC/Config","Config","CakePHP database driven Config plugin","2","1410","PHP"
"112980","https://api.github.com/repos/southkyle/interview","interview","Some interview question and solution","2","1343","C++"
"113274","https://api.github.com/repos/focuslabllc/ee-master-config","ee-master-config","Focus Lab's Master Config setup for quick ExpressionEngine multi-environment support","2","1578","PHP"
"113820","https://api.github.com/repos/whitesource/maven-plugin","maven-plugin","White Source maven plugin","6","1309","Java"
"114492","https://api.github.com/repos/tj/node-progress","node-progress","Flexible ascii progress bar for nodejs","61","1781","JavaScript"
"114534","https://api.github.com/repos/eksopl/asagi","asagi","Asagi imageboard dumper","6","1432","Java"
"115080","https://api.github.com/repos/obullo/framework","framework","Obullo 1x new ( php framework ) ","1","999","PHP"
"115584","https://api.github.com/repos/allcolor/YaHP-Converter","YaHP-Converter","YaHP is a Java library that allows you to convert an HTML document into a PDF document.","14","1536","Java"
"115626","https://api.github.com/repos/fabdrol/node-aes-helper","node-aes-helper",,"2","1290","JavaScript"
"115962","https://api.github.com/repos/stanguy/Star-GTFS","Star-GTFS","Web application to import and display bus lines information (for the STAR network in Rennes, TUAS in St Lô)","48","1913","Ruby"
"116172","https://api.github.com/repos/flytreeleft/GtkShot","GtkShot","This is a Screen Capture program using GtkLib in Linux. It likes QQ screen capture in Windows.","3","1319","Shell"
"117810","https://api.github.com/repos/jgarzik/pushpool","pushpool","Bitcoin mining pool server (getwork-based; obsolete)","119","1782","C"
"118020","https://api.github.com/repos/vincent-zhao/ishare","ishare","nodejs client for service coordination using zookeeper","15","1387","JavaScript"
"118146","https://api.github.com/repos/lanoxx/window-picker-applet","window-picker-applet","A port of the window-picker-applet to Gnome 3","3","1576","C"
"118356","https://api.github.com/repos/tmbrggmn/deck.js-markdown","deck.js-markdown","A deck.js extension that adds support for Markdown syntax in slides","23","1601","JavaScript"
"118398","https://api.github.com/repos/minimod/minimods","minimods","The new home for minimods.","10","1698","C#"
"118818","https://api.github.com/repos/yogthos/clj-log","clj-log","structural logging for Clojure","2","1361","Clojure"
"119028","https://api.github.com/repos/datagutt/b0tbecue","b0tbecue","ABANDONED - Because node.js is suited better for IRC bots than PHP.","21","1414","JavaScript"
"119868","https://api.github.com/repos/kouphax/kouphax.github.com","kouphax.github.com","Generated blog content","2","1459","HTML"
"120330","https://api.github.com/repos/flowonyx/bootstrap-h5bp-stylus","bootstrap-h5bp-stylus","Bootstrap with the missing HTML5 Boilerplate styles ported to Stylus","11","1475","JavaScript"
"120582","https://api.github.com/repos/fowlmouth/nimrod-chipmunk","nimrod-chipmunk","Chipmunk bindings for Nimrod","2","1290","Nimrod"
"120876","https://api.github.com/repos/nerab/cre-stats","cre-stats","Simple statistics about CRE and its guests","14","1314","Ruby"
"121128","https://api.github.com/repos/kalmas/hlabs-robotDoor","hlabs-robotDoor",,"6","1372","Arduino"
"121338","https://api.github.com/repos/suurjaak/Skyperious","Skyperious","Skype SQLite database viewer and merger","33","1419","Python"
"121842","https://api.github.com/repos/undeadzy/openarena_engine","openarena_engine","Unofficial port of OpenArena 0.8.8 client/server to the latest ioquake3 source code","3","1459","C"
"122136","https://api.github.com/repos/johnjohndoe/LineReader","LineReader","Reading a text file line by line aka block wise.","19","1965","Objective-C"
"122304","https://api.github.com/repos/wavii/pfp","pfp","Pretty fast parser for probabilistic context free grammars","31","2040","C++"
"122976","https://api.github.com/repos/ketan/chrome-plugins","chrome-plugins","Chrome plugins that I commonly use","3","1804","JavaScript"
"123312","https://api.github.com/repos/hiroy/karinto","karinto","a minimal web application framework for PHP 5.3 or later inspired by Silex based on Lune","4","1634","PHP"
"123396","https://api.github.com/repos/ParsePlatform/LoginAndSignUpTutorial","LoginAndSignUpTutorial","[Archive] A simple application that showcases how to integrate PFLogInViewController and PFSignUpViewController into your app.","4","1345","Objective-C"
"123858","https://api.github.com/repos/dannycastonguay/smartcoops","smartcoops","We bring a marketplace and mobile banking to agricultural coops","34","1321","Python"
"124866","https://api.github.com/repos/iwoj/Glean","Glean","A bookmarklet for maintaining regular expressions on live websites.","17","1472","JavaScript"
"125328","https://api.github.com/repos/vkaravir/JSAV","JSAV","JavaScript Algorithm Visualization library","260","1721","JavaScript"
"126000","https://api.github.com/repos/grails-portlets-plugin/grails-portlets-gatein","grails-portlets-gatein",,"5","1358","Groovy"
"127092","https://api.github.com/repos/sbt/sbt-man","sbt-man","Looks up scaladoc.","2","1425","Scala"
"127134","https://api.github.com/repos/navtable/navtable","navtable","gvSIG plugin to navigate through the records of a layer in a vertical way.","194","1550","Java"
"128016","https://api.github.com/repos/guijemont/GstStabilizer","GstStabilizer","An attempt to make GStreamer elements that allow to stabilize shaky video streams","3","1563","Python"
"128562","https://api.github.com/repos/whitequark/furnace","furnace","A static analysis framework.","4","1534","Ruby"
"128604","https://api.github.com/repos/simsem/simsem","simsem","Package for simulating data for structural equation modeling","15","1393","R"
"128646","https://api.github.com/repos/codeforamerica/route_view","route_view","Quickly see traffic cameras along your route.","13","1326","JavaScript"
"129276","https://api.github.com/repos/amintos/PyECC","PyECC","Pure Python implementation of an elliptic curve cryptosystem based on FIPS 186-3","2","1287","Python"
"129528","https://api.github.com/repos/l0b0/tilde","tilde","Linux home directory configuration and utilities","3","1938","Python"
"129612","https://api.github.com/repos/anurse/Edge","Edge","Simple Razor-based server-side rendering framework for Gate/Owin","1","1431","JavaScript"
"129864","https://api.github.com/repos/stemarie/redblacktree","redblacktree","Red Black Generic Tree in C#","4","1324","C#"
"129948","https://api.github.com/repos/iee/iee","iee",,"105","1380","Java"
"130116","https://api.github.com/repos/sot/mica","mica","Microscope on Chandra aspect","9","1516","Python"
"130452","https://api.github.com/repos/jquery/grunt-jquery-content","grunt-jquery-content",,"153","1345","XSLT"
"130704","https://api.github.com/repos/DarkSwoop/babushka-deps","babushka-deps",,"4","1324","Ruby"
"130872","https://api.github.com/repos/dwaiter/django-ckeditor","django-ckeditor","EOL - Reference only - A small Django application that makes it easy to use CKEditor for form textareas.","22","2173","JavaScript"
"131166","https://api.github.com/repos/lucmoreau/ProvToolbox","ProvToolbox","Java library to create and convert W3C PROV data model representations","232","1641","Java"
"131838","https://api.github.com/repos/gjuillot/vino_socialis","vino_socialis","Vino Socialis: discover, track and share","28","1290","JavaScript"
"131922","https://api.github.com/repos/bitstadium/HockeySDK-Mac","HockeySDK-Mac","The official Mac SDK for the HockeyApp service. It contains a crash reporter that checks at startup whether your application crashed last time it was launched, then offers to send that information to the HockeyApp service. It supports Mac OS X >= 10.7, In","40","1305","Objective-C"
"132090","https://api.github.com/repos/cloudflare/claire","claire","Browser extension for Google Chrome that shows an orange cloud in the omnibar when browsing a site that uses CloudFlare","17","1297","JavaScript"
"133140","https://api.github.com/repos/cyclestreets/mobileweb","mobileweb","Mobile HTML client","106","1933","JavaScript"
"133266","https://api.github.com/repos/jfahrenkrug/VertexHelper","VertexHelper","Lets you graphically define vertices of sprites for Box2D and Chipmunk bodies/shapes.","14","2191","Objective-C"
"133686","https://api.github.com/repos/zendframework/ZendService_LiveDocx","ZendService_LiveDocx",,"24","1328","PHP"
"133896","https://api.github.com/repos/jfoote/exploitable","exploitable","The 'exploitable' GDB plugin. I don't work at CERT anymore, but here is the original homepage: http://www.cert.org/vuls/discovery/triage.html","35","1301","Python"
"134106","https://api.github.com/repos/ayende/rhino-security","rhino-security","Security Infrastructure Library for NHibernate","6","2351","C#"
"134274","https://api.github.com/repos/jjeffery/C2","C2","Castle Contributions","2","1484","C#"
"134358","https://api.github.com/repos/glennmartinez/QaBase","QaBase","QA BaseStation","6","1425","JavaScript"
"134904","https://api.github.com/repos/spoletto/SPGooglePlacesAutocomplete","SPGooglePlacesAutocomplete","An objective-c wrapper around the Google Places autocomplete API. Includes sample application emulating the \"Maps\" app.","1","1325","Objective-C"
"135324","https://api.github.com/repos/rvosa/bio-phylo","bio-phylo","Bio::Phylo - Phyloinformatic analysis using Perl","33","1797","Perl"
"136794","https://api.github.com/repos/forslund/pyParallax","pyParallax","Simple implementation of parallax scrolling with pygame","2","1380","Python"
"137172","https://api.github.com/repos/praekelt/vumi-wikipedia","vumi-wikipedia","Vumi Wikipedia Application","59","1493","Python"
"137634","https://api.github.com/repos/innoq/view_marker","view_marker","Marks Rails logs with a message at the beginning of view rendering","1","1485","Ruby"
"137718","https://api.github.com/repos/ceejbot/fivebeans","fivebeans","A beanstalkd client for node.js & a simple framework for running beanstalkd workers.","23","1466","JavaScript"
"137886","https://api.github.com/repos/jsw0528/rails_emoji","rails_emoji","Emoji for Ruby on Rails","8","1365","Ruby"
"137928","https://api.github.com/repos/natxet/welovejs-web","welovejs-web","web of welovejs.es group","4","1301","PHP"
"138138","https://api.github.com/repos/romeshell/windows-alt-tab","windows-alt-tab","Windows alt-tab gnome shell extension","17","1478","JavaScript"
"138306","https://api.github.com/repos/kywe665/network-debugger","network-debugger","Network Debugger","5","1371","JavaScript"
"138348","https://api.github.com/repos/ilavir/woodenhouse","woodenhouse",,"6","1331","JavaScript"
"138474","https://api.github.com/repos/pbuda/gitflowidea","gitflowidea","Intellij Idea plugin that enables support of the git flow Git extension right from the IDE","2","1311",
"139524","https://api.github.com/repos/ap4y/UIBezierPath-SVG","UIBezierPath-SVG","NS/UIBezierPath from SVG string","4","1348","Objective-C"
"139692","https://api.github.com/repos/ging/vish","vish","ViSH, an open source e-Learning platform","343","1497","HTML"
"140196","https://api.github.com/repos/collective/collective.prettydate","collective.prettydate","Fuzzy dates for Plone.","9","1481","Python"
"140532","https://api.github.com/repos/andreypopp/configure","configure","Configuration toolkit based on YAML","14","1354","Python"
"140910","https://api.github.com/repos/mihaibirsan/Google-Tasks-Web-App-Improvements","Google-Tasks-Web-App-Improvements","A Chrome extension that adds a few features to the Google Tasks web app.","2","1324","JavaScript"
"141036","https://api.github.com/repos/alexeyshockov/clock","clock","Easy date & time manipulation for PHP","23","1326","PHP"
"141120","https://api.github.com/repos/deepwinter/rhus-android","rhus-android","Android application for the Rhus project","7","1438","Java"
"141288","https://api.github.com/repos/CarlFK/dvsmon","dvsmon","DVswitch monitor","13","2409","Python"
"141330","https://api.github.com/repos/ggreer/fsevents-tools","fsevents-tools","Like inotify-tools but for OS X's FSEvents","2","1407","C"
"141792","https://api.github.com/repos/flyway/flywaydb.org","flywaydb.org","The main marketing and documentation site for Flyway","8","1288","HTML"
"141834","https://api.github.com/repos/feedhenry/fh-ios-sdk","fh-ios-sdk","FeedHenry iOS SDK","7","1471","Objective-C"
"142128","https://api.github.com/repos/bhollis/jsonview","jsonview","A Firefox extension that helps you view JSON documents in the browser. ","125","1711","JavaScript"
"142506","https://api.github.com/repos/agrueneberg/Corser","Corser","CORS middleware for Node.js","8","1571","JavaScript"
"142716","https://api.github.com/repos/Modernizr/the-old-modernizr.com","modernizr.com","The old modernizr.com site (and builder)","111","1706","JavaScript"
"145362","https://api.github.com/repos/backmeup/backmeup-prototype","backmeup-prototype","BackMeUp v1 Standalone Backend","278","1392","Java"
"145740","https://api.github.com/repos/lunar-linux/moonbase-gnome3","moonbase-gnome3",,"4","1332","Python"
"146202","https://api.github.com/repos/svalaskevicius/ionPulse","ionPulse","Developer's friendly IDE","3","1694","C++"
"146286","https://api.github.com/repos/paulrobertlloyd/socialmediaicons","socialmediaicons","A set of standardised icons for popular social networking services and tools.","6","1302",
"146622","https://api.github.com/repos/chapel/node-geeklist","node-geeklist","Geekli.st API wrapper for Node.js","2","1376","JavaScript"
"146748","https://api.github.com/repos/rfugger/villagescc","villagescc","Villages cooperative community project source","2","1381","Python"
"147672","https://api.github.com/repos/JamesEggers1/node-ABAValidator","node-ABAValidator","A validation module for browsers and Node.js to validate an American Bankers Association Routing Number used in ACH payments.","4","1363","JavaScript"
"148344","https://api.github.com/repos/ralfharing/chrome-extensions","chrome-extensions",,"21","1399","JavaScript"
"148890","https://api.github.com/repos/wachunga/omega","omega","Real-time issue tracker optimized for small teams","14","1682","JavaScript"
"149142","https://api.github.com/repos/yoshinorim/mha4mysql-node","mha4mysql-node","Development tree of Master High Availability Manager and tools for MySQL (MHA), Node (MySQL Server) part","6","1689","Perl"
"149226","https://api.github.com/repos/zten/weathered","weathered","ISD lite parsing","6","1410","JavaScript"
"149436","https://api.github.com/repos/jgm/pandoc-types","pandoc-types","types for representing structured documents","20","1934","Haskell"
"150234","https://api.github.com/repos/SeleniumHQ/regression-tests.github.com","regression-tests.github.com","Regression Tests for Selenium2","4","1557",
"150276","https://api.github.com/repos/productreview/bootstrap-mobile","bootstrap-mobile","Forked mobile specific layout","3","1323","JavaScript"
"150318","https://api.github.com/repos/weavejester/ring-server","ring-server",,"8","1489","Clojure"
"151578","https://api.github.com/repos/umlaeute/v4l2loopback","v4l2loopback","v4l2-loopback device ","90","1989","C"
"151788","https://api.github.com/repos/couchbaselabs/iMonkey","iMonkey","Threadsafe Spidermonkey Static Library for iOS ","5","1793","C++"
"152082","https://api.github.com/repos/prograils/dibs","dibs","Ruby wrapper for DIBS payment AIP","3","1370","Ruby"
"152838","https://api.github.com/repos/GSMADeveloper/GSMA-OneAPI","GSMA-OneAPI","Provides Web access to mobile (and other) network enablers - SMS/MMS, Location, Payments","1","2037","Java"
"153804","https://api.github.com/repos/Othella/waht","waht","a.h WP Blank Dev Theme","35","1337","PHP"
"154266","https://api.github.com/repos/seporaitis/yum-s3-iam","yum-s3-iam","Yum package manager plugin for private S3 repositories. Uses Amazon IAM & EC2 Roles.","100","1303","Python"
"154686","https://api.github.com/repos/NIFTYCloud/sdk-java","sdk-java","ニフティクラウド SDK for Java","2","1300","Java"
"154854","https://api.github.com/repos/moodleou/moodle-mod_ouwiki","moodle-mod_ouwiki","Alternative wiki module for Moodle 2 (designed for use in teaching and learning)","20","1633","PHP"
"155442","https://api.github.com/repos/ben-domingue/ConjointChecks","ConjointChecks",,"11","1465","R"
"156492","https://api.github.com/repos/kaminaly/explosion.js","explosion.js","this is a bookmarklet for explode the site.","2","1293","JavaScript"
"156576","https://api.github.com/repos/mountainpenguin/pyrt","pyrt","python rtorrent webUI","264","1753","Python"
"157080","https://api.github.com/repos/yujinrobot/roscreate","roscreate","Template style wizard shortcuts for creating ros packages, stacks...","5","1321","C++"
"157290","https://api.github.com/repos/Reactive-Extensions/RxJS","RxJS","The Reactive Extensions for JavaScript","2755","1516","JavaScript"
"157542","https://api.github.com/repos/egloo/eglooframework","eglooframework","eGloo Framework","5","1692","PHP"
"157752","https://api.github.com/repos/ProvidencePlan/Datahub-Indicators","Datahub-Indicators",,"21","1615","Python"
"158634","https://api.github.com/repos/llimllib/bloomfilter-tutorial","bloomfilter-tutorial","A Bloom Filter Tutorial","8","1765","HTML"
"159810","https://api.github.com/repos/01org/webapps-shopping-list","webapps-shopping-list",,"5","1275","JavaScript"
"160188","https://api.github.com/repos/cepa/webthumbnail","webthumbnail","PHP client for api.webthumbnail.org | The webthumbnail.org is a free webapi for capturing website screenshots in real browsers. Ready to serve thousands of thumbnails, fully scalable, cloud based!","2","1391","PHP"
"160440","https://api.github.com/repos/ikkez/FatFreeFridge","FatFreeFridge","an unofficial userguide for the PHP Fat-Free Framework","28","1425","JavaScript"
"161028","https://api.github.com/repos/mediatemple/mt_api_examples","mt_api_examples","Media Temple API - Client Libraries","3","1912","JavaScript"
"161112","https://api.github.com/repos/markwatkinson/luminous","luminous","Accurate and powerful syntax highlighting library","32","1811","PHP"
"161238","https://api.github.com/repos/jkrasnay/sqlbuilder","sqlbuilder","SQL Builder Library for Java","1","1795","Java"
"161574","https://api.github.com/repos/lamby/pkg-gunicorn","pkg-gunicorn","Debian packaging for gunicorn","22","1825","Python"
"162414","https://api.github.com/repos/Enough-Software/j2mepolish","j2mepolish","The J2ME Polish project","60","1679","Java"
"162498","https://api.github.com/repos/StackFrame/sarariman","sarariman","Time tracking and collaboration application","3","1750","Java"
"163212","https://api.github.com/repos/linyows/github-wiki-search","github-wiki-search","Search wiki of the repository on Github","11","1425","JavaScript"
"163254","https://api.github.com/repos/pzwang/pydsl","pydsl","Small framework for a preprocessor/macro facility for Python to support small language syntax extensions and DSLs","2","1460","Python"
"163800","https://api.github.com/repos/danielmcgraw/Jekyll-Base","Jekyll-Base","Base files and folder structure for Jekyll","14","1780",
"164178","https://api.github.com/repos/dtrebbien/BigDecimal.js","BigDecimal.js","Arbitrary-precision decimals library for JavaScript","7","1643","JavaScript"
"164640","https://api.github.com/repos/golems/amino","amino","Basic utilities for robotics including: linear algebra, geometry, memory, and time.","2","1566","C"
"165270","https://api.github.com/repos/TheJosh/chaotic-rage","chaotic-rage","An unusual zombie shooter game for Windows, Linux and Android","132","1368","C++"
"165480","https://api.github.com/repos/9len/followbackbot","followbackbot","A scala library for twitter bots that follow/unfollow back and @reply based on custom criterea","2","1273","Scala"
"165564","https://api.github.com/repos/lpeterse/HiggsSet","HiggsSet","A multi-index set with advanced query capabilities","4","1639","Haskell"
"165900","https://api.github.com/repos/bevry/joe","joe","Joe is a javascript testing framework that actually works. Unlike Mocha, we won't die on you abruptly when executing dynamically created tests and are always able to associate the correct test to the correct corresponding test suite.  Switching from Mocha","20","1344","CoffeeScript"
"166068","https://api.github.com/repos/gudmundurh/titanium-imaging","titanium-imaging","Image utilities for Titanium – native manipulation and control of JPEG compression","2","1683","Objective-C"
"166572","https://api.github.com/repos/kivy/kivy-designer","kivy-designer","UI designer for Kivy (WIP)","220","1248","Python"
"166698","https://api.github.com/repos/moritz/json","json","A tiny JSON parser and emitter for Perl 6 on Rakudo","6","2533","Perl6"
"167118","https://api.github.com/repos/si4dev/slimport","slimport",,"1","1425","PHP"
"167370","https://api.github.com/repos/francois/jaccard","jaccard","A library to make calculating the Jaccard Coefficient Index a snap","2","1931","Ruby"
"167538","https://api.github.com/repos/matllubos/django-simple-utilities","django-simple-utilities",,"1","1318","JavaScript"
"167790","https://api.github.com/repos/weynhamz/dotploy","dotploy","A bash only script to deploy $HOME dot files accrossing different hosts.","9","1454","Shell"
"168084","https://api.github.com/repos/julik/sylens","sylens","Syntheyes lens distortion for Nuke","30","2059","C++"
"168378","https://api.github.com/repos/alvarolopez/keystone","keystone","Identity Service for OpenStack","2","1417","Python"
"168630","https://api.github.com/repos/joushx/Arduino-RGB-Tools","Arduino-RGB-Tools","A arduino library with tools for controlling an RGB-LED","1","1293","C++"
"168840","https://api.github.com/repos/iut-ibk/DynaMind-ToolBox","DynaMind-ToolBox","DynaMind-ToolBox","420","1345","C++"
"169008","https://api.github.com/repos/tcd-tophat/TopHatAndroidSDK","TopHatAndroidSDK","The Android Software Development Kit for the TopHat Platform","12","1306","Java"
"169050","https://api.github.com/repos/webos-internals/build","build","Preware Builds","83","1446","Makefile"
"169344","https://api.github.com/repos/ethersex/ethersex","ethersex","etherrape port towards IPv6","608","2383","C"
"169386","https://api.github.com/repos/goldmann/jboss-as-rpm","jboss-as-rpm","Private repo for JBoss AS7 RPM work","11","1500",
"169470","https://api.github.com/repos/anodejs/node-gits","node-gits","A node.js git library with some cool features like synchronizing all the branches from a git remote to a local subdir","31","1518","JavaScript"
"169512","https://api.github.com/repos/rogvold/MIPTFacemash","MIPTFacemash","analog of Facemash in MIPT","5","1321","Java"
"169932","https://api.github.com/repos/racker/rackspace-monitoring-cli","rackspace-monitoring-cli","Command line utility for Rackspace Cloud Monitoring (MaaS).","91","1543","Python"
"169974","https://api.github.com/repos/julianlam/Scrollable","Scrollable","Mootools class that allows elements with a fixed height be scrollable via mousewheel and via right-hand scrollbar","67","1560","JavaScript"
"170226","https://api.github.com/repos/mebigfatguy/fb-contrib","fb-contrib","a FindBugs plugin","138","1680","Java"
"170268","https://api.github.com/repos/tibbe/ekg","ekg","Remote monitoring of running processes over HTTP","43","1541","JavaScript"
"170688","https://api.github.com/repos/kanso/garden","garden","A Kanso app for installing other Kanso apps","21","1513","JavaScript"
"170730","https://api.github.com/repos/mediamosa/mediamosa","mediamosa","MediaMosa Main Code Repository","169","1800","PHP"
"170940","https://api.github.com/repos/creativedutchmen/email_newsletter_manager","email_newsletter_manager","Making Symphony the most powerful emailing platform","59","1515","PHP"
"171696","https://api.github.com/repos/pocmo/Yaaic","Yaaic","Yaaic (Yet Another Android IRC Client) is as the name already says an Internet Relay Chat (IRC) client for Android devices.","240","2470","Java"
"171780","https://api.github.com/repos/griffindy/Rently","Rently","A site for tenants to get in touch with landlords (a breakable toy project for my apprenticeship at thoughtbot","1","1352","Ruby"
"172494","https://api.github.com/repos/sourcepit/common-utils","common-utils",,"3","1509","Java"
"173208","https://api.github.com/repos/nbudin/devise_cas_authenticatable","devise_cas_authenticatable","CAS authentication support for Devise","62","2127","Ruby"
"173796","https://api.github.com/repos/peteboere/css-crush","css-crush","CSS preprocessor. Written in PHP","41","1989","PHP"
"173922","https://api.github.com/repos/ninject/Ninject.Extensions.Factory","ninject.extensions.factory","Creates factory implementations automatically","10","1611","C#"
"175056","https://api.github.com/repos/swfobject/swfobject","swfobject","An open source Javascript framework for detecting the Adobe Flash Player plugin and embedding Flash (swf) files.","43","1838","HTML"
"175518","https://api.github.com/repos/torrancew/hiera-foreman","hiera-foreman","A hiera backend that queries the Foreman for data","2","1451","Ruby"
"175728","https://api.github.com/repos/bfirsh/needle","needle","Automated tests for your CSS.","16","1866","Python"
"175812","https://api.github.com/repos/jayjanssen/percona-xtradb-cluster-tutorial","percona-xtradb-cluster-tutorial","NOTE: This repo has been rehomed here: https://github.com/percona/xtradb-cluster-tutorial","3","1287","Puppet"
"176022","https://api.github.com/repos/mcavage/node-assert-plus","node-assert-plus","Extra assertions on top of node's assert module","9","1344","JavaScript"
"176946","https://api.github.com/repos/jamesyu/gmailr","gmailr","A Gmail Javascript API","6","1842","JavaScript"
"177660","https://api.github.com/repos/miyagawa/cpanminus","cpanminus","cpanminus - get, unpack, build and install modules from CPAN ","354","2200","Perl"
"178920","https://api.github.com/repos/joshaber/JAListView","JAListView","An NSTableView replacement that doesn't suck.","2","1901","Objective-C"
"179592","https://api.github.com/repos/Casecommons/casecommons_workstation","casecommons_workstation",,"5","1576","Ruby"
"180096","https://api.github.com/repos/mongoid/evolver","evolver","Database Schema Evolution for MongoDB","2","1380","Ruby"
"180180","https://api.github.com/repos/ggobi/ggally","ggally","R package that extends ggplot2","85","1824","R"
"180726","https://api.github.com/repos/madsci1016/Arduino-PS2X","Arduino-PS2X","Read a Playstation 2 Gamepad or Guitar Hero Controller using an Arduino","2","1613","C++"
"180894","https://api.github.com/repos/driftx/Telephus","Telephus","Telephus is a connection pooled, low-level client API for Cassandra in Twisted python. ","1","2347","Python"
"181314","https://api.github.com/repos/bryanmikaelian/coldshoulder","coldshoulder","Generate gitignore files with ease.","7","1303","Ruby"
"181440","https://api.github.com/repos/albumidentify/albumidentify","albumidentify","Tools to identify and manage music albums","91","2670","Python"
"182154","https://api.github.com/repos/vic/color-theme-buffer-local","color-theme-buffer-local","Set emacs color themes by buffer.","3","1419","Emacs Lisp"
"183540","https://api.github.com/repos/josephwecker/bashrc_dispatch","bashrc_dispatch","Launch different bash configurations for Linux vs OSX, interactive vs batch","2","1291",
"183666","https://api.github.com/repos/SimonVT/android-datepicker","android-datepicker","Android ICS DatePicker backported to 2.2","11","1384","Java"
"184968","https://api.github.com/repos/CreepGin/D3Bit","D3Bit","Diablo 3 Item Tooltip scanner and stats analyzer","13","1279","C#"
"185514","https://api.github.com/repos/PabloGS/UIWebView-Debug","UIWebView-Debug","JavaScript Debugging Capabilities for UIWebView","1","1679","Objective-C"
"187194","https://api.github.com/repos/SpaceApi/SpaceApi","SpaceApi","Android app and widget showing hackerspace status","64","1414","PHP"
"188664","https://api.github.com/repos/cwjohnston/chef-hipchat","chef-hipchat","LWRP for sending messages to Atlassian's HipChat","3","1385","Ruby"
"188790","https://api.github.com/repos/cardmagic/classifier","classifier","A general classifier module to allow Bayesian and other types of classifications.","3","2836","Ruby"
"189378","https://api.github.com/repos/ensmp/portail","portail","Portail des élèves","8","1382","Python"
"189840","https://api.github.com/repos/mattn/webapi-vim","webapi-vim","vim interface to Web API","3","1990","VimL"
"191310","https://api.github.com/repos/buddypress-themers/status","status","Status: a BuddyPress community theme","4","1275","PHP"
"193830","https://api.github.com/repos/makinacorpus/landez","landez","Landez operates with tiles, arranges them together into images or builds MBTiles files","4","1788","Python"
"194502","https://api.github.com/repos/martinkou/bson-objc","bson-objc","BSON Codec for Objective-C","10","2005","Objective-C"
"194544","https://api.github.com/repos/Parsely/wp-parsely","wp-parsely","The official WordPress plugin for Parse.ly - makes it a snap to add the required tracking code to enable Parse.ly on your WordPress site.","52","1327","PHP"
"194922","https://api.github.com/repos/pooriaazimi/BetterDictionary","BetterDictionary","Bookmark words in Apple's Dictionary.app","5","1639","Objective-C"
"196056","https://api.github.com/repos/jonobr1/stalactite","stalactite","stalactite is a jQuery plugin that packs child elements together.","4","1562","HTML"
"196098","https://api.github.com/repos/LearningRegistry/LearningRegistry","LearningRegistry","LearningRegistry","288","1906","JavaScript"
"197400","https://api.github.com/repos/purcell/color-theme-sanityinc-solarized","color-theme-sanityinc-solarized","A pair of Emacs color themes based on Ethan Schoonover's 'solarized' theme","18","1796","Emacs Lisp"
"198114","https://api.github.com/repos/limansky/tinymount","tinymount","simple GUI tool for disks mounting","19","1471","C++"
"198786","https://api.github.com/repos/atsusy/TiPaperFold","TiPaperFold","Titanium Mobile module for \"PaperFold for iOS\"","3","1274","Objective-C"
"198870","https://api.github.com/repos/dsyph3r/symblog","symblog","Symfony 2 Tutorial - Creating a blogging website [http://tutorial.symblog.co.uk]","6","1658","PHP"
"199248","https://api.github.com/repos/kleintom/Cstitch","Cstitch","Convert images to cross stitch patterns: choose the number of colors to use and the final pattern size; edit your pattern (save and restore your work); save your pattern as a pdf.","1","1764","C++"
"199500","https://api.github.com/repos/kriszyp/cpm","cpm","CommonJS Package Manager","1","2000","JavaScript"
